cell_type,HNSCC cells,Fibroblasts,B cells,Myocytes,Macrophages,Endothelial cells,T cells,Dendritic cells,Mast cells
HNSCC cells,0.6818093503818862,0.4372571012642128,0.05571999669505077,0.05117405329369371,0.2591611900822178,0.26061760586700294,0.36359655283948467,0.1652003178285486,0.169531910597183
Fibroblasts,0.6543235321162305,0.39812547305050866,0.07163687289501844,0.052349645713480795,0.3951976974834904,0.3643114212908745,0.2992828163657261,0.08123230609419889,0.11829327232427461
B cells,0.04212951320511835,0.02944477990010679,0.005654143809280465,0.000524169199195704,0.1263228137959321,0.05623754457427007,0.057219584881927445,0.09846113361978437,0.06555696388645706
Myocytes,0.04371195602487874,0.04880726080532145,0.001488622864701079,0.020734804136002715,0.1781071551885202,0.18225885890586388,0.03170662827206016,0.07019881053848546,0.02057832570188133
Macrophages,0.15508253429246174,0.10564409575316021,0.06985504142190188,0.037052023034615356,0.423501747300767,0.25859041138015754,0.11476108322482052,0.3874976519487569,0.3214703025634393
Endothelial cells,0.21648808653949894,0.14181172901234207,0.04311382507488487,0.05000254773674546,0.3453062753847595,0.37713133424819184,0.13233416844833648,0.3670785021289795,0.26815160713065905
T cells,0.16236298933266854,0.09032961795982923,0.01011785497354435,0.00018229494056056072,0.09477256435800657,0.06276336387450344,0.15365104330320334,0.10278722753712578,0.03805211960432504
Dendritic cells,0.05249180077539137,0.036954279156514246,0.009780242769132586,0.017088682159270088,0.14780980407742375,0.14072851071377454,0.09252299324165618,0.2827827159293419,0.07948589474341912
Mast cells,0.05530988779756405,0.04184093969522754,0.007797058342957844,0.0074204956278513465,0.1731384825522284,0.09976844534472674,0.061146606188100174,0.08314865571811172,0.17595330481013868
