cell_type,HNSCC cells,Fibroblasts,B cells,Myocytes,Macrophages,Endothelial cells,T cells,Dendritic cells,Mast cells
HNSCC cells,0.6818093503818864,0.5208416999220065,0.23967088674808032,0.21641487594921283,0.5677668737121353,0.6852188320206748,0.47688393886625063,0.3472579589311826,0.2983462902531672
Fibroblasts,0.7431500521314298,0.6323588406311446,0.28423204480927683,0.2490220429852559,0.588768768674166,0.7024702160763768,0.5248439587570126,0.35561534816063295,0.32244904326785706
B cells,0.19056125375105,0.1644037940786797,0.062121450253125744,0.01751457702805982,0.26040214532998845,0.2487970517612074,0.2564508851829628,0.14348853890871452,0.2176138481657165
Myocytes,0.17964211537715272,0.16055139151087575,0.02146757697825201,0.020734804136002656,0.19577449089978208,0.2141611025318055,0.15994683215530833,0.07933483125714012,0.0690796489879097
Macrophages,0.5054013661402058,0.4543692601009654,0.21232259510953755,0.1187646967621123,0.47568104538138595,0.44953259518178995,0.44472050141709923,0.42595266011878324,0.37160673234539515
Endothelial cells,0.6068375007511609,0.5089948457828332,0.23024915878359034,0.1800379288453603,0.48482102197318316,0.5856181922545401,0.48351901473068354,0.4228297151878066,0.41773360717941516
T cells,0.27121626851644814,0.2135808749078797,0.09664630295290315,0.041781383343016364,0.33788233959887815,0.278474004485288,0.31108653568204186,0.2172111769213011,0.2068043652769713
Dendritic cells,0.24308672115909621,0.20661625875542686,0.07416395277074188,0.042129941035360684,0.2525947988483965,0.312201939973698,0.31664996601904966,0.3092800188394121,0.1514906233645762
Mast cells,0.2423144256128591,0.214020437858884,0.07180783701601179,0.04722782027605338,0.2947538705410449,0.30910550076600857,0.2781077263508675,0.13490371474572468,0.3076040364188418
