cell_type,HNSCC cells,Fibroblasts,B cells,Myocytes,Macrophages,Endothelial cells,T cells,Dendritic cells,Mast cells
HNSCC cells,0.9518625940057279,0.8464581513604258,0.2936134955885799,0.28451491281910496,0.7143252518278581,0.8273146262669031,0.517730990686461,0.3804551872473931,0.33182973722327797
Fibroblasts,0.8434924447276617,0.7694771277716672,0.31258028566827784,0.2859837100037377,0.6236268349296492,0.8210132172137986,0.5574699697695303,0.39508392846778406,0.352707893865522
B cells,0.2156932516683782,0.21187151067761187,0.06395238767346308,0.023067464804533266,0.2621009912198666,0.26967687790924894,0.2611533121389235,0.125877560104156,0.13081186955630048
Myocytes,0.21446429913386025,0.20494352496248988,0.021634754418038273,0.024942638867961928,0.1434123455807396,0.20765691876383896,0.16138735798261,0.07893550397874316,0.05992574020115465
Macrophages,0.535685931203934,0.49892641682384387,0.2160217253472627,0.1266186230769829,0.4289025155763532,0.4613656399857811,0.4625617312403289,0.33116270847856305,0.3094867695025653
Endothelial cells,0.6630828369494141,0.5888894868403916,0.2469105683959021,0.20046560134622174,0.5008305833077884,0.6184932753158855,0.5033969940929178,0.33411143556265727,0.3107222321736031
T cells,0.31426561617536714,0.31983960844636056,0.12363952508124833,0.06537629359743062,0.37395978578347155,0.3132983161321343,0.3239391117769162,0.19241457601710202,0.19328779374556346
Dendritic cells,0.259239206782858,0.2247365044177172,0.07492241958670505,0.042332292038286416,0.25093035152071563,0.31322689623052247,0.3144794272168408,0.22443850991001793,0.12676200189046263
Mast cells,0.25881040628618,0.23072123341809334,0.07180783701601184,0.047621366641564945,0.2904275659528886,0.32127106747524825,0.28014814482374656,0.1389779696336066,0.2565536800715795
