cell_type,HNSCC cells,Fibroblasts,B cells,Myocytes,Macrophages,Endothelial cells,T cells,Dendritic cells,Mast cells
HNSCC cells,0.6818093503818864,0.5068380005482316,0.18598210198501008,0.2112576390949998,0.64139151757216,0.7221230746339741,0.26875912064819746,0.32124445781841166,0.2459035977740304
Fibroblasts,0.6941677572528481,0.6043864579261264,0.1865606411724666,0.19815977068210552,0.5849319436600381,0.7439585757773931,0.2379855559551488,0.23999578786467368,0.2513647675505297
B cells,0.12613369592141843,0.10609502639479214,0.012305942842706774,0.003539975040456713,0.14820735617818878,0.1416830181138311,0.06388213397373778,0.11659930691331084,0.13225932658918096
Myocytes,0.16781842725745277,0.15012087064371094,0.0020839435152168995,0.033750510124934234,0.19568366171974413,0.21302565719633715,0.03611174411591881,0.10120698570373164,0.05688415773823757
Macrophages,0.27964614139030297,0.2684242391293794,0.09212465879036665,0.0683610461323602,0.47489628276875795,0.3383607981271975,0.1821197162575456,0.444502187079521,0.3721895983446615
Endothelial cells,0.4428323248473412,0.4286648067848106,0.10735409106301204,0.13419840207208367,0.45702697435594825,0.5650135832272738,0.19639311338160925,0.41065905059311025,0.3295845509226411
T cells,0.15768425302486788,0.10934299741869058,0.02633305983041945,0.005898727563603566,0.2441831762031211,0.18031207249722023,0.09630959410173016,0.15905025915752824,0.14184589165012182
Dendritic cells,0.11777483418770573,0.10507826080861517,0.012545686883932936,0.02045624568994378,0.16397433157350746,0.16506927857038814,0.09671141171295033,0.522987816488405,0.11692191453395877
Mast cells,0.10401916165311335,0.09850912816953394,0.007182334140235821,0.008920610171014903,0.1915910791388474,0.15804522708084442,0.05811013942702043,0.11475615782422821,0.38782424414458844
