cell_type,HNSCC cells,Fibroblasts,B cells,Myocytes,Macrophages,Endothelial cells,T cells,Dendritic cells,Mast cells
HNSCC cells,0.9518625940057279,0.6077647179912896,0.2445221254073754,0.21455210028083616,0.5508961271050103,0.6813838123987193,0.5414403487342828,0.32400273220616144,0.2721223211999934
Fibroblasts,0.8335313884435074,0.6988481460604395,0.28270123996783336,0.24953117876158148,0.538466787519551,0.6725299870364964,0.5727942848721747,0.3547261876187628,0.310412950432262
B cells,0.19469220598930317,0.1668056155144927,0.06228943791510649,0.017532369164893626,0.2453129865072442,0.2468708828138124,0.25948767486597096,0.10773938681062945,0.06410950685357657
Myocytes,0.17771087371559294,0.15579918859716083,0.021485924255409312,0.0039016497519493965,0.12583583904951562,0.1768901204733657,0.16028607902164535,0.04964114942258598,0.02361990816479838
Macrophages,0.5019760192972774,0.45823138097978905,0.2048494986919733,0.11879136730254668,0.3775079801083623,0.4170943876507147,0.4457220729821476,0.21850959246558557,0.25701887572354404
Endothelial cells,0.6054746072363301,0.5171762173972744,0.23085050189887035,0.17755276451346783,0.437138568340415,0.5292362755208392,0.4873822578595996,0.2905308870985264,0.249289288381621
T cells,0.33298056140656923,0.24378609061091516,0.09814499015427174,0.04251056310525861,0.33278151249213667,0.2839111389764551,0.3382744740772845,0.13615154439669958,0.08949402169976663
Dendritic cells,0.24241363024182963,0.20770550900469195,0.07423105855800496,0.03957178151638965,0.23476582402463186,0.2919609971443822,0.31029100874554655,0.13517959937334226,0.08932598209992294
Mast cells,0.24663308782229268,0.21655418629951673,0.07196151806669235,0.047246338005774054,0.2719749693662696,0.2994909858668489,0.2809072615140165,0.11959323219113567,0.10484789653143974
